<?xml version="1.0" encoding="UTF-8"?>
<project-private xmlns="http://www.netbeans.org/ns/project-private/1">
    <editor-bookmarks xmlns="http://www.netbeans.org/ns/editor-bookmarks/2" lastBookmarkId="0"/>
    <open-files xmlns="http://www.netbeans.org/ns/projectui-open-files/2">
        <group>
            <file>file:/Users/apaa01/Desktop/CRUD%20FINAL/src/CRUD/insertarcostumers.java</file>
            <file>file:/Users/apaa01/Desktop/CRUD%20FINAL/src/CRUD/MainApp.java</file>
            <file>file:/Users/apaa01/Desktop/CRUD%20FINAL/src/CRUD/Conexion.java</file>
        </group>
    </open-files>
</project-private>
